{"cameraMode":{"drawMode":0,"name":"Shaded","section":"Shading Mode"},"sceneLighting":false,"audioPlay":false,"sceneViewState":{"showFog":true,"showMaterialUpdate":false,"showSkybox":true,"showFlares":true,"showImageEffects":true,"showParticleSystems":true},"in2DMode":false,"pivot":{"x":1.167046308517456,"y":0.9536547660827637,"z":0.1528872400522232},"rotation":{"x":-0.09466063231229782,"y":-0.012845930643379689,"z":0.0012200243072584272,"w":-0.995433509349823},"size":2.857893943786621,"orthographic":false}