{"cameraMode":{"drawMode":0,"name":"Shaded","section":"Shading Mode"},"sceneLighting":true,"audioPlay":false,"sceneViewState":{"showFog":true,"showMaterialUpdate":false,"showSkybox":true,"showFlares":true,"showImageEffects":true,"showParticleSystems":true},"in2DMode":false,"pivot":{"x":-1.0403097867965699,"y":6.859871864318848,"z":1.3437929153442383},"rotation":{"x":-0.09466063231229782,"y":-0.012845930643379689,"z":0.0012200243072584272,"w":-0.995433509349823},"size":2.4967284202575685,"orthographic":false}